Category_Name,Category_Parents,Meta_Title,Meta_Keywords,Meta_Description,Category_URL
Garden Saws and secateurs,"Garden Tools, Garden",Garden saws and secateurs - online shop ,"garden, tools, saws, and, secateurs",Looking for a  garden saw ✔ secateurs ✔ hand saw ✔ or saw blades ✔ ? Find all kinds of saws at jago24 gardening tool online shop!  Low price✔ high quality✔.,http://www.jago24.de/en/garden/garden-tools/garden-saws-and-secateurs/
Cat Toys,"Cat Supplies, Pet Supplies",Cat toys online shop - Jago24,"pet, supplies, cat, toys",Order cat toys online at jago24! ➔ You will find everything your cat needs at jago24 cat toys online shop! Take your chance and order now!,http://www.jago24.de/en/pet-supplies/cat-supplies/cat-toys/
Mount and Polystyrene Cutters,"Power tools and Machinery, DIY",Mount and Polystyrene Cutters | Jago24.de,"diy, power, tools, and, machinery, mount, polystyrene, cutters",Power tools and Machinery - Mount and Polystyrene Cutters.,http://www.jago24.de/en/diy/power-tools-and-machinery/mount-and-polystyrene-cutters/
Agitators,"Power tools and Machinery, DIY",Agitators | Jago24.de,"diy, power, tools, and, machinery, agitators",Power tools and Machinery - Agitators.,http://www.jago24.de/en/diy/power-tools-and-machinery/agitators/
Milling Machine,"Power tools and Machinery, DIY",Milling machine shop - Find all kinds of milling machines,"diy, power, tools, and, machinery, milling, machine",Concrete grinder ✔ Wall chaser ✔ Electric plunge router ✔ circular saw ✔ blade sets ✔ buy @ jago24 online shop! Best price and easy ordering!,http://www.jago24.de/en/diy/power-tools-and-machinery/milling-machine/
Saws,"Power tools and Machinery, DIY",Mitre saws & circulations saws » Online  Shop ,"diy, power, tools, and, machinery, saws",Power tools and Machinery - Saws.,http://www.jago24.de/en/diy/power-tools-and-machinery/saws/
Drills,"Power tools and Machinery, DIY",Drills | Jago24.de,"diy, power, tools, and, machinery, drills",Power tools and Machinery - Drills.,http://www.jago24.de/en/diy/power-tools-and-machinery/drills/
Pumps,"Power tools and Machinery, DIY",Pumps | Jago24.de,"diy, power, tools, and, machinery, pumps",Power tools and Machinery - Pumps.,http://www.jago24.de/en/diy/power-tools-and-machinery/pumps/
Hoists and Winches,"Power tools and Machinery, DIY",Electric Cable Winch online shop - Jago24,"diy, power, tools, and, machinery, hoists, winches",Looking for an electric cable winch? Find cable hoists at jago24 machinery online shop!  Low price✔ high quality✔ Safe✔ and express delivery✔.,http://www.jago24.de/en/diy/power-tools-and-machinery/hoists-and-winches/
Sanders,"Power tools and Machinery, DIY",Sanding Equipment & machinery online shop - Jago24,"diy, power, tools, and, machinery, sanders",Looking for sanding tools? Find all kinds of sanders at jago24 machinery online shop!  Low price✔ high quality✔ Safe✔ and express delivery✔.,http://www.jago24.de/en/diy/power-tools-and-machinery/sanders/
Workbenches and Workshop Equipment,"Tools, DIY",Workbenches and Workshop Equipment | Jago24.de,"diy, tools, workbenches, and, workshop, equipment",Tools - Workbenches and Workshop Equipment.,http://www.jago24.de/en/diy/tools/workbenches-and-workshop-equipment/
Toilets and Plumbing,"Kitchen & Bathroom, DIY",Sewage Online Shop Jago24 ,"diy, kitchen, bathroom, toilets, and, plumbing",Kitchen & Bathroom - Toilets and Plumbing.,http://www.jago24.de/en/diy/kitchen-bathroom/toilets-and-plumbing/
Car Tools,"Tools, DIY",Car Tools | Jago24.de,"diy, tools, car",Tools - Car Tools.,http://www.jago24.de/en/diy/tools/car-tools/
Kitchen,"Kitchen & Bathroom, DIY",Kitchen online shop - Jago24,"diy, kitchen, bathroom",Looking for kitchen equipment? Find kitchen sinks✔ range hoods✔ spice shelves✔ and a lot more at jago24 online kitchen shop!  Low price✔ high quality✔,http://www.jago24.de/en/diy/kitchen-bathroom/kitchen/
Workshop Tools,"Tools, DIY",Workshop Tools | Jago24.de,"diy, tools, workshop",Tools - Workshop Tools.,http://www.jago24.de/en/diy/tools/workshop-tools/
Bathroom,"Kitchen & Bathroom, DIY",Bathroom online shop - Jago24,"diy, kitchen, bathroom",Looking for bathroom equipment? Find sinks✔ toilets✔ shower cubicles✔ and a lot more at jago24 online bathroom shop!  Low price✔ high quality✔,http://www.jago24.de/en/diy/kitchen-bathroom/bathroom/
Rose arches and trellises,"Outdoor Lighting, Garden",Rose arches and trellises | Jago24.de,"garden, outdoor, lighting, rose, arches, and, trellises",Outdoor Lighting - Rose arches and trellises.,http://www.jago24.de/en/garden/outdoor-lighting/rose-arches-and-trellises/
BBQ Accessories,"Grill, Garden",Grilling Equipment online shop - Jago24,"garden, grill, bbq, accessories",Looking for grilling equipment? ✰ Find everything you need for your barbecue grill at jago24 shop! Barbecue tools ✔ grill cover ✔ grill tongs ✔ and more!,http://www.jago24.de/en/garden/grill/bbq-accessories/
Side awning & Balcony awning,"Privacy shield & Windscreen, Garden",Side awning & Balcony awning | Jago24.de,"garden, privacy, shield, windscreen, side, awning, balcony",Privacy shield & Windscreen - Side awning & Balcony awning.,http://www.jago24.de/en/garden/privacy-shield-windscreen/side-awning-balcony-awning/
Recessed spotlights & globe lights ,"Outdoor Lighting, Garden",Recessed spotlights & globe lights  | Jago24.de,"garden, outdoor, lighting, recessed, spotlights, globe, lights",Outdoor Lighting - Recessed spotlights & globe lights .,http://www.jago24.de/en/garden/outdoor-lighting/recessed-spotlights-globe-lights/
Charcoal Grill,"Grill, Garden",Charcoal Grill | Jago24.de,"garden, grill, charcoal",Grill - Charcoal Grill.,http://www.jago24.de/en/garden/grill/charcoal-grill/
Outdoor lights,"Outdoor Lighting, Garden",Outdoor lights | Jago24.de,"garden, outdoor, lighting, lights",Outdoor Lighting - Outdoor lights.,http://www.jago24.de/en/garden/outdoor-lighting/outdoor-lights/
Poly-Rattan Sun Loungers and Sofas,"Garden Furniture, Garden",Poly-Rattan Sun Loungers and Sofas | Jago24.de,"garden, furniture, poly-rattan, sun, loungers, and, sofas",Garden Furniture - Poly-Rattan Sun Loungers and Sofas.,http://www.jago24.de/en/garden/garden-furniture/poly-rattan-sun-loungers-and-sofas/
Gas BBQ,"Grill, Garden",BBQ Grill online shop - Jago24,"garden, grill, gas, bbq",Looking for a barbecue grill ✔ outdoor grill ✔ stainless steel grill ✔ or gas grill ✔ ? Find all kinds of grills at jago24 barbecue grill online shop!,http://www.jago24.de/en/garden/grill/gas-bbq/
Garden Furniture Covers,"Garden Furniture, Garden",Patio Furniture Cover online shop - Jago24,"garden, furniture, covers",Looking for a patio furniture cover? Find different types of covers at jago24 online shop! Garden bench cover ✔ cap cover ✔ trampoline cover ✔,http://www.jago24.de/en/garden/garden-furniture/garden-furniture-covers/
Hammock,"Garden Furniture, Garden",Hammock online shop - Jago24,"garden, furniture, hammock",Looking for a hammock✔ hammock with stand✔ hammock chair✔ or baby hammock✔ ? Find all kinds of hammocks at jago24 garden furniture online shop!,http://www.jago24.de/en/garden/garden-furniture/hammock/
Garden Furniture Sets ,"Garden Furniture, Garden",Garden Furniture Sets  | Jago24.de,"garden, furniture, sets",Garden Furniture - Garden Furniture Sets .,http://www.jago24.de/en/garden/garden-furniture/garden-furniture-sets/
Garden Benches,"Garden Furniture, Garden",Garden Bench & Rose Arch online shop - Jago24,"garden, furniture, benches",Looking for a new garden bench or a rose arch? Find the perfect bench or rose arch for your garden or terrace at jago24 online shop! Shop at a low price!,http://www.jago24.de/en/garden/garden-furniture/garden-benches/
Sun Loungers,"Garden Furniture, Garden",Garden Sun Lounger online shop - Jago24,"garden, furniture, sun, loungers",Looking for a garden sun lounger? Find different types of sun loungers at jago24 online shop! Low price✔ high quality✔ Safe✔ and express delivery✔.,http://www.jago24.de/en/garden/garden-furniture/sun-loungers/
Gazebos,"Garden Furniture, Garden",Garden Pavilion online shop - Jago24,"garden, furniture, gazebos",Looking for a garden pavilion? Find different types of pavilions at jago24 online shop! Wooden pavilion✔ metal pavilion✔ tent✔. Low price✔ high quality✔,http://www.jago24.de/en/garden/garden-furniture/gazebos/
Garden Tables,"Garden Furniture, Garden",Garden Table online shop - Jago24,"garden, furniture, tables",Looking for a new garden table? Find the perfect table for your garden or terrace at jago24 online shop! Low price ✔ Safe shopping ✔ and express delivery ✔,http://www.jago24.de/en/garden/garden-furniture/garden-tables/
Picnic Tables,"Garden Furniture, Garden",Picnic Table online shop - Jago24,"garden, furniture, picnic, tables",Looking for a picnic table or Biergarten table? Find the perfect table for your garden or terrace at jago24 online shop! Low price ✔ express delivery ✔,http://www.jago24.de/en/garden/garden-furniture/picnic-tables/
Garden Swing Seat,"Garden Furniture, Garden",Porch Swing online shop - Jago24,"garden, furniture, swing, seat",Buy garden swings in different variations✔ at jago24 online shop! Great porch swings on good terms✔. Safe✔ and easy✔. Take your chance and order now!,http://www.jago24.de/en/garden/garden-furniture/garden-swing-seat/
Humane traps & rodent repellent,"Garden Tools, Garden",Humane traps & rodent repellent | Jago24.de,"garden, tools, humane, traps, rodent, repellent",Garden Tools - Humane traps & rodent repellent.,http://www.jago24.de/en/garden/garden-tools/humane-traps-rodent-repellent/
Parasols,"Garden Furniture, Garden",Sunshade and parasol online shop - Jago24,"garden, furniture, parasols",Looking for a sunshade or beach umbrella? Find the perfect patio umbrella for your garden or terrace at jago24 online shop! Low price ✔  Safe shopping ✔,http://www.jago24.de/en/garden/garden-furniture/parasols/
Poly-Rattan Garden Furniture,"Garden Furniture, Garden",Patio Furniture Set online shop - Jago24,"garden, furniture, poly-rattan",Looking for a outdoor furniture set? Find the perfect tables and chairs for your garden or terrace at jago24 online shop! Low price ✔ express delivery ✔,http://www.jago24.de/en/garden/garden-furniture/poly-rattan-garden-furniture/
Pond,"Garden Tools, Garden",Pond Filter online shop - Jago24,"garden, tools, pond",Looking for a pond filter? Find different types of pond filtration equipment at jago24 gardening tool online shop! Low price ✔  express delivery ✔,http://www.jago24.de/en/garden/garden-tools/pond/
Garden Chairs,"Garden Furniture, Garden",Garden Chair online shop - Jago24,"garden, furniture, chairs",Buy garden chairs in different variations✔ at jago24 online shop! Plastic chairs✔ ALU chairs✔ poly rattan chairs✔ on good terms✔. Safe✔ and easy✔.,http://www.jago24.de/en/garden/garden-furniture/garden-chairs/
Wheelbarrow,"Garden Tools, Garden",Wheelbarrow online shop - Jago24,"garden, tools, wheelbarrow",Looking for a wheelbarrow or hand truck? Find different types of transportation helpers at jago24 online shop! Low price ✔ Safe ✔ and express delivery ✔,http://www.jago24.de/en/garden/garden-tools/wheelbarrow/
Snow Shovel and salt spreader,"Garden Tools, Garden",Snow Shovel online shop - Jago24,"garden, tools, snow, shovel, and, salt, spreader",Looking for a snow shovel? Find different types of snow shovels at jago24 gardening tool online shop! Low price✔ high quality✔ Safe✔ and express delivery✔.,http://www.jago24.de/en/garden/garden-tools/snow-shovel-and-salt-spreader/
Strimmer,"Garden Tools, Garden",Strimmer online shop - Jago24,"garden, tools, strimmer",Looking for a strimmer? Find string trimmers and accessories at jago24 gardening tool online shop! Low price✔ high quality✔ Safe✔ and express delivery✔.,http://www.jago24.de/en/garden/garden-tools/strimmer/
Pilot Cases,"Bags and Luggage, Sports & Leisure",Pilot Cases | Jago24.de,"sports, leisure, bags, and, luggage, pilot, cases",Bags and Luggage - Pilot Cases.,http://www.jago24.de/en/sports-leisure/bags-and-luggage/pilot-cases/
Hedge trimmer and garden shears,"Garden Tools, Garden",Hedge Trimmer online shop - Jago24.de,"garden, tools, hedge, trimmer, and, shears",Looking for a hedge trimmer? Find hedge shears and electric hedgecutters at jago24 gardening tool online shop! Low price ✔  Safe ✔ Express delivery ✔,http://www.jago24.de/en/garden/garden-tools/hedge-trimmer-and-garden-shears/
Bags,"Bags and Luggage, Sports & Leisure",Bags | Jago24.de,"sports, leisure, bags, and, luggage",Bags and Luggage - Bags.,http://www.jago24.de/en/sports-leisure/bags-and-luggage/bags/
Suitcases,"Bags and Luggage, Sports & Leisure",Case & Trolley online shop - Jago24,"sports, leisure, bags, and, luggage, suitcases",Looking for a new suitcase or trolley? Buy different cases online at jago24: pilot's case ✔ beauty case ✔ or a travel luggage sets ✔. Make a bargain!,http://www.jago24.de/en/sports-leisure/bags-and-luggage/suitcases/
Electric Nail Files and accessoires,"Health and Wellness, Sports & Leisure",Electric Nail Files and accessoires | Jago24.de,"sports, leisure, health, and, wellness, electric, nail, files, accessoires",Health and Wellness - Electric Nail Files and accessoires.,http://www.jago24.de/en/sports-leisure/health-and-wellness/electric-nail-files-and-accessoires/
Massage chair,"Health and Wellness, Sports & Leisure",Massage chair | Jago24.de,"sports, leisure, health, and, wellness, massage, chair",Health and Wellness - Massage chair.,http://www.jago24.de/en/sports-leisure/health-and-wellness/massage-chair/
Blankets and bathrobes,"Health and Wellness, Sports & Leisure",Blankets and bathrobes | Jago24.de,"sports, leisure, health, and, wellness, blankets, bathrobes",Health and Wellness - Blankets and bathrobes.,http://www.jago24.de/en/sports-leisure/health-and-wellness/blankets-and-bathrobes/
Bathroom scales,"Health and Wellness, Sports & Leisure",Bathroom scales at jago24 online shop,"sports, leisure, health, and, wellness, bathroom, scales",Health and Wellness - Bathroom scales.,http://www.jago24.de/en/sports-leisure/health-and-wellness/bathroom-scales/
Studio Lighting,"Photo Equipment, Sports & Leisure",Studio Lighting | Jago24.de,"sports, leisure, photo, equipment, studio, lighting",Photo Equipment - Studio Lighting.,http://www.jago24.de/en/sports-leisure/photo-equipment/studio-lighting/
Photography Backdrops,"Photo Equipment, Sports & Leisure",Photography Backdrops | Jago24.de,"sports, leisure, photo, equipment, photography, backdrops",Photo Equipment - Photography Backdrops.,http://www.jago24.de/en/sports-leisure/photo-equipment/photography-backdrops/
Massage,"Health and Wellness, Sports & Leisure",Massage | Jago24.de,"sports, leisure, health, and, wellness, massage",Health and Wellness - Massage.,http://www.jago24.de/en/sports-leisure/health-and-wellness/massage/
Dart boards and arrows,"Hobby, Sports & Leisure",Dart boards and arrows | Jago24.de,"sports, leisure, hobby, dart, boards, and, arrows",Hobby - Dart boards and arrows.,http://www.jago24.de/en/sports-leisure/hobby/dart-boards-and-arrows/
Poker,"Hobby, Sports & Leisure",Poker online shop - Jago24,"sports, leisure, hobby, poker",You want to play poker at home with your friends? Buy a poker chip set at jago24 online shop! Take your chance and order now! Safe✔ and express delivery✔.,http://www.jago24.de/en/sports-leisure/hobby/poker/
Table Football,"Hobby, Sports & Leisure",Football table online shop - Jago24,"sports, leisure, hobby, table, football",Looking for a football table✔ ? Buy foosball tables easy✔ fast✔ and on good terms✔ at jago24 online shop! Take your chance and order now!,http://www.jago24.de/en/sports-leisure/hobby/table-football/
Skates & Skateboard,"Hobby, Sports & Leisure",Skates & Skateboard | Jago24.de,"sports, leisure, hobby, skates, skateboard",Hobby - Skates & Skateboard.,http://www.jago24.de/en/sports-leisure/hobby/skates-skateboard/
Musical Instruments,"Hobby, Sports & Leisure",Musical Instruments online shop - Jago24,"sports, leisure, hobby, musical, instruments",Buy musical instruments online at jago24! ➔ Find everything you need at jago24 instrument store! Take your chance and order now! Express delivery✔.,http://www.jago24.de/en/sports-leisure/hobby/musical-instruments/
Bike Stands,"Bicycles, Sports & Leisure",Bike Repair Stand online shop - Jago24,"sports, leisure, bicycles, bike, stands",Order a bicycle repair stand at jago24 online shop ✰✰✰✰✰ Check out our low-priced✔ but high-quality bicycle repair stand ✔. Safe✔ and express delivery✔.,http://www.jago24.de/en/sports-leisure/bicycles/bike-stands/
Bike Trailers,"Bicycles, Sports & Leisure",Bike Trailer online shop - Jago24,"sports, leisure, bicycles, bike, trailers",Order bike trailers at jago24 online shop ✰✰✰✰✰ Check out our low-priced✔ but high-quality bicycle trailers ✔. Safe✔ and express delivery✔.,http://www.jago24.de/en/sports-leisure/bicycles/bike-trailers/
Bikes,"Bicycles, Sports & Leisure",Bike online shop - Jago24,"sports, leisure, bicycles, bikes",Order bikes at jago24 online shop ✰✰✰✰✰ Check out our low-priced✔ but high-quality bicycles✔ for women✔ men✔ and children✔ Safe✔ and express delivery✔.,http://www.jago24.de/en/sports-leisure/bicycles/bikes/
Tents & beach shelters,"Outdoor, Sports & Leisure",Tents & beach shelters | Jago24.de,"sports, leisure, outdoor, tents, beach, shelters",Outdoor - Tents & beach shelters.,http://www.jago24.de/en/sports-leisure/outdoor/tents-beach-shelters/
Handcart,"Outdoor, Sports & Leisure",Handcart | Jago24.de,"sports, leisure, outdoor, handcart",Outdoor - Handcart.,http://www.jago24.de/en/sports-leisure/outdoor/handcart/
Solar shower & solar film panels,"Outdoor, Sports & Leisure",Solar shower & solar film panels | Jago24.de,"sports, leisure, outdoor, solar, shower, film, panels",Outdoor - Solar shower & solar film panels.,http://www.jago24.de/en/sports-leisure/outdoor/solar-shower-solar-film-panels/
Fishing Equipment,"Outdoor, Sports & Leisure",Fishing equipment online shop - Jago24,"sports, leisure, outdoor, fishing, equipment",Buy fishing equipment online at jago24! ➔ Find everything you need at jago24 fishing online shop! Take your chance and order now! Safe shopping ✔,http://www.jago24.de/en/sports-leisure/outdoor/fishing-equipment/
Tents and Camping,"Outdoor, Sports & Leisure",Camping tent online shop - Jago24,"sports, leisure, outdoor, tents, and, camping",Buy camping tents✔ at jago24 online shop! ✰✰✰✰✰ Find the perfect tent for every occasion! Family tents✔ kids tents✔ backpacking tents✔ Try now!,http://www.jago24.de/en/sports-leisure/outdoor/tents-and-camping/
Boating,"Outdoor, Sports & Leisure",Boating Supplies online shop - Jago24,"sports, leisure, outdoor, boating",Buy boat supplies online at jago24! ➔ Find everything you need for your boat at jago24 boat equipment online shop! Take your chance and order now!,http://www.jago24.de/en/sports-leisure/outdoor/boating/
Roman Chair,"Fitness, Sports & Leisure",Roman Chair | Jago24.de,"sports, leisure, fitness, roman, chair",Fitness - Roman Chair.,http://www.jago24.de/en/sports-leisure/fitness/roman-chair/
Winter Sports,"Outdoor, Sports & Leisure",Winter Sports | Jago24.de,"sports, leisure, outdoor, winter",Outdoor - Winter Sports.,http://www.jago24.de/en/sports-leisure/outdoor/winter-sports/
Boxing Equipment,"Fitness, Sports & Leisure",Boxing Equipment | Jago24.de,"sports, leisure, fitness, boxing, equipment",Fitness - Boxing Equipment.,http://www.jago24.de/en/sports-leisure/fitness/boxing-equipment/
Exercise Balls,"Fitness, Sports & Leisure",Exercise Balls | Jago24.de,"sports, leisure, fitness, exercise, balls",Fitness - Exercise Balls.,http://www.jago24.de/en/sports-leisure/fitness/exercise-balls/
Free Weight Accessories,"Fitness, Sports & Leisure",Free Weight Accessories | Jago24.de,"sports, leisure, fitness, free, weight, accessories",Fitness - Free Weight Accessories.,http://www.jago24.de/en/sports-leisure/fitness/free-weight-accessories/
Pull-up Bars,"Fitness, Sports & Leisure",Pull-up Bars | Jago24.de,"wooden rabbit hutch, rabbit hutch, rabbit cage",Fitness - Pull-up Bars.,http://www.jago24.de/en/sports-leisure/fitness/pull-up-bars/
Barbells,"Fitness, Sports & Leisure",Barbells | Jago24.de,"sports, leisure, fitness, barbells",Fitness - Barbells.,http://www.jago24.de/en/sports-leisure/fitness/barbells/
Trampolines,"Fitness, Sports & Leisure",Trampoline - Jago24 Fitness & Hobby Shop,"sports, leisure, fitness, trampolines",Buy your new trampoline at jago24 online shop ✰✰✰✰✰ Online shopping easy✔ fast✔ and on good terms✔ Check out now!,http://www.jago24.de/en/sports-leisure/fitness/trampolines/
Aerobic Step,"Fitness, Sports & Leisure",physionics Fitness Step - Jago24 Fitness Shop,"sports, leisure, fitness, aerobic, step",You want to do step aerobics on your own at home? Buy physionics Fitness Step easy✔ fast✔ and on good terms✔ at jago24 online fitness shop!,http://www.jago24.de/en/sports-leisure/fitness/aerobic-step/
Weight Bench,"Fitness, Sports & Leisure",Dumbbell Bench - Jago24 Fitness Shop,"sports, leisure, fitness, weight, bench",You want to work out at your home gym and need a dumbbell bench ✔ ? Check out jago24 online shop for the right fitness equipment. Safe shopping ✔,http://www.jago24.de/en/sports-leisure/fitness/weight-bench/
Exercise mats,"Fitness, Sports & Leisure",Exercise Mat & Yoga Mat - Jago24 Fitness Shop,"sports, leisure, fitness, exercise, mats",You want to work out at your home gym and need a fitness mat✔ or a yoga mat✔ ? Check out jago24 online shop and find the right fitness equipment✔!,http://www.jago24.de/en/sports-leisure/fitness/exercise-mats/
Exercise Multi Gym,"Fitness, Sports & Leisure",Weight-lifting Bench - Jago24 Fitness Shop,"sports, leisure, fitness, exercise, multi, gym",You want to work out at your home gym and need a fitness bench ✔ or strength training equipment ✔ ? Check out jago24 online fitness shop.  Safe shopping ✔,http://www.jago24.de/en/sports-leisure/fitness/exercise-multi-gym/
Exercise Bench,"Fitness, Sports & Leisure",Abs Fitness Bench - Jago24 Fitness Shop,"sports, leisure, fitness, exercise, bench",You want to work out at your home gym and need an abs fitness bench ✔ or a back trainer ✔ ? Check out jago24 online shop and find the right equipment ✔,http://www.jago24.de/en/sports-leisure/fitness/exercise-bench/
Car Stereos,"Electronics, Sports & Leisure",Car Stereos | Jago24.de,"sports, leisure, electronics, car, stereos",Electronics - Car Stereos.,http://www.jago24.de/en/sports-leisure/electronics/car-stereos/
Dumbbells & Bars,"Fitness, Sports & Leisure",Dumbbells & Bars - Jago24 Fitness Shop,"sports, leisure, fitness, dumbbells, bars",You want to work out at your home gym and need dumbbells ✔ and dumbbell bars ✔ ? Check out jago24 online shop for the right hand weights! Easy ordering ✔,http://www.jago24.de/en/sports-leisure/fitness/dumbbells-bars/
TV Stands and Mounts,"Electronics, Sports & Leisure",TV wall mount online shop - Jago24,"sports, leisure, electronics, tv, stands, and, mounts",Looking for TV wall mount? ➔ Find all kinds of TV wall brackets✔ at jago24 electronic online shop! Low price✔ high quality✔ Safe✔ and express delivery✔.,http://www.jago24.de/en/sports-leisure/electronics/tv-stands-and-mounts/
Electric Heaters,"Electronics, Sports & Leisure",Heating Appliance online shop - Jago24,"sports, leisure, electronics, electric, heaters",Have it nice and warm with one of our heating appliances ➔ Buy heater ✔ space heater ✔ fan heater ✔ & pre-heating ✔ at jago24 online shop!,http://www.jago24.de/en/sports-leisure/electronics/electric-heaters/
Projector Screens,"Electronics, Sports & Leisure",Projection Screen online shop - Jago24,"sports, leisure, electronics, projector, screens",Looking for a projection screen? Find all kinds of screens at jago24 electronic online shop!  Low price✔ high quality✔ Safe✔ and express delivery✔.,http://www.jago24.de/en/sports-leisure/electronics/projector-screens/
Smartphone accessories,"Electronics, Sports & Leisure",Smartphone accessories | Jago24.de,"sports, leisure, electronics, smartphone, accessories",Electronics - Smartphone accessories.,http://www.jago24.de/en/sports-leisure/electronics/smartphone-accessories/
Wall Clocks,"Decorations, Living",wall clocks,"living, decorations, wall, clocks",wall clocks,http://www.jago24.de/en/living/decorations/wall-clocks/
Holiday and Christmas LED fairy lights,"Decorations, Living",Holiday and Christmas LED fairy lights | Jago24.de,"living, decorations, holiday, and, christmas, led, fairy, lights",Decorations - Holiday and Christmas LED fairy lights.,http://www.jago24.de/en/living/decorations/holiday-and-christmas-led-fairy-lights/
Christmas Decorations,"Decorations, Living",Christmas Decorations | Jago24.de,"living, decorations, christmas",Decorations - Christmas Decorations.,http://www.jago24.de/en/living/decorations/christmas-decorations/
Picture frames,"Decorations, Living",Picture frames | Jago24.de,"living, decorations, picture, frames",Decorations - Picture frames.,http://www.jago24.de/en/living/decorations/picture-frames/
Globe Drinks Cabinets,"Home Bar, Living",Globe Drinks Cabinets | Jago24.de,"living, home, bar, globe, drinks, cabinets",Home Bar - Globe Drinks Cabinets.,http://www.jago24.de/en/living/home-bar/globe-drinks-cabinets/
Decorative Lighting,"Decorations, Living",Decorative Lighting | Jago24.de,"living, decorations, decorative, lighting",Decorations - Decorative Lighting.,http://www.jago24.de/en/living/decorations/decorative-lighting/
Wooden Bar Stools,"Home Bar, Living",Wooden Bar Stools | Jago24.de,"living, home, bar, wooden, stools",Home Bar - Wooden Bar Stools.,http://www.jago24.de/en/living/home-bar/wooden-bar-stools/
Bistro Tables,"Home Bar, Living",Bistro Tables | Jago24.de,"living, home, bar, bistro, tables",Home Bar - Bistro Tables.,http://www.jago24.de/en/living/home-bar/bistro-tables/
Room Dividers and Doors,"Shelves and Storage, Living",Room Dividers and Doors | Jago24.de,"living, shelves, and, storage, room, dividers, doors",Shelves and Storage - Room Dividers and Doors.,http://www.jago24.de/en/living/shelves-and-storage/room-dividers-and-doors/
Bar Stools,"Home Bar, Living",Bar Stools | Jago24.de,"living, home, bar, stools",Home Bar - Bar Stools.,http://www.jago24.de/en/living/home-bar/bar-stools/
Shoe storage,"Shelves and Storage, Living",Shoe storage | Jago24.de,"living, shelves, and, storage, shoe",Shelves and Storage - Shoe storage.,http://www.jago24.de/en/living/shelves-and-storage/shoe-storage/
Breakfast Bar Stools,"Home Bar, Living",Bar stools online shop - Jago24,"living, home, bar, breakfast, stools",Buy bar stools in different variations✔ at jago24 online shop! Great barstools on good terms✔. Safe✔ and easy✔. Take your chance and order now!,http://www.jago24.de/en/living/home-bar/breakfast-bar-stools/
Boxes and Baskets,"Shelves and Storage, Living",Boxes and Baskets | Jago24.de,"living, shelves, and, storage, boxes, baskets",Shelves and Storage - Boxes and Baskets.,http://www.jago24.de/en/living/shelves-and-storage/boxes-and-baskets/
Shelves,"Shelves and Storage, Living",Shelf online shop - Jago24,"living, shelves, and, storage",Jago24 shelf shop ✰✰✰✰✰ Buy your new shelf✔ for your living room✔ kitchen✔ or storage room✔. Low price✔ high quality✔.,http://www.jago24.de/en/living/shelves-and-storage/shelves/
Wardrobes,"Shelves and Storage, Living",Wardrobes | Jago24.de,"living, shelves, and, storage, wardrobes",Shelves and Storage - Wardrobes.,http://www.jago24.de/en/living/shelves-and-storage/wardrobes/
Fly Screens,"Blinds, Living",Fly Screens | Jago24.de,"living, blinds, fly, screens",Blinds - Fly Screens.,http://www.jago24.de/en/living/blinds/fly-screens/
Door mat,"Blinds, Living",Door mat | Jago24.de,"living, blinds, door, mat",Blinds - Door mat.,http://www.jago24.de/en/living/blinds/door-mat/
LED Lighting,"Lighting, Living",LED Lighting | Jago24.de,"living, lighting, led",Lighting - LED Lighting.,http://www.jago24.de/en/living/lighting/led-lighting/
Privacy shades,"Blinds, Living",Privacy shades | Jago24.de,"living, blinds, privacy, shades",Blinds - Privacy shades.,http://www.jago24.de/en/living/blinds/privacy-shades/
Table Lamps and Lights,"Lighting, Living",Table Lamps and Lights | Jago24.de,"living, lighting, table, lamps, and, lights",Lighting - Table Lamps and Lights.,http://www.jago24.de/en/living/lighting/table-lamps-and-lights/
Venetian Blinds,"Blinds, Living",Venetian Blinds | Jago24.de,"living, blinds, venetian",Blinds - Venetian Blinds.,http://www.jago24.de/en/living/blinds/venetian-blinds/
LED Strip Lights,"Lighting, Living",LED Strip Lights | Jago24.de,"living, lighting, led, strip, lights",Lighting - LED Strip Lights.,http://www.jago24.de/en/living/lighting/led-strip-lights/
Chandeliers,"Lighting, Living",Chandeliers | Jago24.de,"living, lighting, chandeliers",Lighting - Chandeliers.,http://www.jago24.de/en/living/lighting/chandeliers/
Wall Lights and Ceiling Lights,"Lighting, Living",Wall Lights and Ceiling Lights | Jago24.de,"living, lighting, wall, lights, and, ceiling",Lighting - Wall Lights and Ceiling Lights.,http://www.jago24.de/en/living/lighting/wall-lights-and-ceiling-lights/
Roller Blinds,"Blinds, Living",Roller Blinds | Jago24.de,"living, blinds, roller",Blinds - Roller Blinds.,http://www.jago24.de/en/living/blinds/roller-blinds/
Mulled wine heater,"Home Accessories, Living",Mulled wine heater | Jago24.de,"living, home, accessories, mulled, wine, heater",Home Accessories - Mulled wine heater.,http://www.jago24.de/en/living/home-accessories/mulled-wine-heater/
Kitchenware,"Home Accessories, Living",Kitchenware | Jago24.de,"living, home, accessories, kitchenware",Home Accessories - Kitchenware.,http://www.jago24.de/en/living/home-accessories/kitchenware/
LED Candles,"Lighting, Living",Chain Of Lights online shop - Jago24,"living, lighting, led, candles",Enjoy a great atmosphere in your home or garden with a nice chain of lights ✔ Buy LED string lights ✔ at jago24 online shop. Safe✔ and easy✔. Order now!,http://www.jago24.de/en/living/lighting/led-candles/
Bins,"Home Accessories, Living",Bins | Jago24.de,"living, home, accessories, bins",Home Accessories - Bins.,http://www.jago24.de/en/living/home-accessories/bins/
Domestic appliances,"Home Accessories, Living",Domestic appliances | Jago24.de,"living, home, accessories, domestic, appliances",Home Accessories - Domestic appliances.,http://www.jago24.de/en/living/home-accessories/domestic-appliances/
Mini Fridge,"Home Accessories, Living",Mini Fridge online shop - Jago24,"living, home, accessories, mini, fridge",Need something cool on hot summer days? Buy a cooler✔ cold box✔ cooling box✔ mini fridge✔ camping fridge✔ at jago24 online shop! Low price✔ high quality✔.,http://www.jago24.de/en/living/home-accessories/mini-fridge/
Vacuum Cleaners,"Home Accessories, Living",Vacuum cleaner online shop - Jago24,"living, home, accessories, vacuum, cleaners",Looking for a vacuum cleaner? Find the perfect one for your home at jago24 domestic appliance shop!  Low price ✔ high quality ✔ Safe shopping ✔,http://www.jago24.de/en/living/home-accessories/vacuum-cleaners/
Safes,"Office Furniture, Living",Safe & Cash Box online shop - Jago24,"living, office, furniture, safes",Need a safe place for your money? Buy a home safe✔ or cash box✔ at jago24 online shop! Low price✔ high quality✔ Safe✔ and express delivery✔.,http://www.jago24.de/en/living/office-furniture/safes/
Food Processor,"Home Accessories, Living",Food Processor online shop - Jago24,"living, home, accessories, food, processor",Jago24 Food Processor shop ➔ Find everything you need in your kitchen: deep fryer ✔ cocktail set ✔ waste bin ✔ juicer ✔ @ Low price ✔ high quality ✔,http://www.jago24.de/en/living/home-accessories/food-processor/
Whiteboards,"Office Furniture, Living",Whiteboard online shop - Jago24,"living, office, furniture, whiteboards",Looking for a whiteboard✔ a pin board✔ or a magnet board✔ ? Order a new flip chart for your office online at jago24! Easy✔ fast✔ and on good terms✔,http://www.jago24.de/en/living/office-furniture/whiteboards/
Desks,"Office Furniture, Living",Office Table online shop - Jago24,"living, office, furniture, desks",Buy office tables in different variations✔ at jago24 online shop! ✰✰✰✰✰ Office table✔ office desk ✔ corner table✔ computer table✔ Order now!,http://www.jago24.de/en/living/office-furniture/desks/
Chests of drawers and sideboards,"Bedroom, Living",Chests of drawers and sideboards | Jago24.de,"living, bedroom, chests, of, drawers, and, sideboards",Bedroom - Chests of drawers and sideboards.,http://www.jago24.de/en/living/bedroom/chests-of-drawers-and-sideboards/
Bedside tables and night stands,"Bedroom, Living",Bedside tables and night stands | Jago24.de,"living, bedroom, bedside, tables, and, night, stands",Bedroom - Bedside tables and night stands.,http://www.jago24.de/en/living/bedroom/bedside-tables-and-night-stands/
Bed trays and laptop tables,"Bedroom, Living",Bed trays and laptop tables | Jago24.de,"living, bedroom, bed, trays, and, laptop, tables",Bedroom - Bed trays and laptop tables.,http://www.jago24.de/en/living/bedroom/bed-trays-and-laptop-tables/
Office Chairs,"Office Furniture, Living",Office Chair online shop - Jago24,"living, office, furniture, chairs",Buy office chairs in different variations ✔ at jago24 online shop! Office chair ✔ desk chair ✔ revolving chair ✔ swivel chair ✔ and many more. Order now!,http://www.jago24.de/en/living/office-furniture/office-chairs/
Jewellery Cabinets,"Bedroom, Living",Jewellery Cabinets | Jago24.de,"living, bedroom, jewellery, cabinets",Bedroom - Jewellery Cabinets.,http://www.jago24.de/en/living/bedroom/jewellery-cabinets/
Mirrors,"Bedroom, Living",Mirrors | Jago24.de,"living, bedroom, mirrors",Bedroom - Mirrors.,http://www.jago24.de/en/living/bedroom/mirrors/
Dressing Tables,"Bedroom, Living",Dressing Table Shop | Vintage & Modern styles | Jago24,"living, bedroom, dressing, tables",Buy dressing tables with a stool in different variations✔ at jago24 online shop! Find the perfect vanity table✔ on good terms✔. Safe✔ and easy✔. Order now!,http://www.jago24.de/en/living/bedroom/dressing-tables/
Leather and Upholstered Beds,"Bedroom, Living",Leather Bed | Single & double | Jago24 Online Shop,"living, bedroom, leather, and, upholstered, beds",Buy leather beds in different variations✔ at Jago24 online shop! Great leather beds✔ and twin beds✔ on good terms✔. Safe✔ and easy✔. Order now!,http://www.jago24.de/en/living/bedroom/leather-and-upholstered-beds/
Coffee Tables,"Living Room Furniture, Living",Coffee Table online shop - Jago24,"living, room, furniture, coffee, tables",Looking for a coffee table✔ side table✔ cocktail table✔ ? Order your new coffee table online at jago24! Easy✔ fast✔ and on good terms✔,http://www.jago24.de/en/living/living-room-furniture/coffee-tables/
Metal Beds,"Bedroom, Living",Metal Bed online shop - Jago24,"living, bedroom, metal, beds",Buy metal beds in different variations✔ at jago24 online shop! Great metal beds✔ and cots✔ on good terms✔. Safe✔ and easy✔. Take your chance and order now!,http://www.jago24.de/en/living/bedroom/metal-beds/
Sofas and Settees,"Living Room Furniture, Living",Sofas & Couches - Jago24 Furniture Shop,"living, room, furniture, sofas, and, settees",Jago24 Furniture Shop ✰✰✰✰✰ Find your perfect sofa! Lounge✔ couch✔ sofa bed✔ Low prices✔ high quality✔ Try now!,http://www.jago24.de/en/living/living-room-furniture/sofas-and-settees/
Fireplace Accessories,"Living Room Furniture, Living",Fireplace online shop - Jago24,"living, room, furniture, fireplace, accessories",Are you tired of chopping wood? ➔ Get a gel fuel fireplace ✔ or an ethanol table fireplace ✔ Order now at jago24! Easy✔ fast✔ and on good terms✔,http://www.jago24.de/en/living/living-room-furniture/fireplace-accessories/
Armchairs,"Living Room Furniture, Living",Armchair online shop - Jago24,"living, room, furniture, armchairs",Looking for an armchair✔ lounge chair✔ recliner✔ ? Order your arm chair online at jago24! Easy✔ fast✔ and on good terms✔,http://www.jago24.de/en/living/living-room-furniture/armchairs/
Play mats,"Children's furniture, Kid's Room",Play mats | Jago24.de,"kid's, room, children's, furniture, play, mats",Children's furniture - Play mats.,http://www.jago24.de/en/kid-s-room/children-s-furniture/play-mats/
Children's Desk,"Children's furniture, Kid's Room",Kids table online shop - Jago24,"kid's, room, children's, furniture, desk",Searching for a kids table or children's desk? Buy a new kids table now online at jago24. Safe✔ cheap✔ and express delivery✔. Check it out!,http://www.jago24.de/en/kid-s-room/children-s-furniture/children-s-desk/
Dining Chair,"Living Room Furniture, Living",Dining Chair online shop - Jago24,"living, room, furniture, dining, chair",Buy dining chairs in different variations✔ at jago24 online shop! Great chairs on good terms✔. Safe✔ and easy✔. Take your chance and order now!,http://www.jago24.de/en/living/living-room-furniture/dining-chair/
Children's High Chairs,"Children's furniture, Kid's Room",Child's chair online shop - Jago24,"kid's, room, children's, furniture, high, chairs",Looking for a child's chair? Find the perfect high chair for your kid at jago24 online shop. Clever shopping with jago24 ? high quality and best price!,http://www.jago24.de/en/kid-s-room/children-s-furniture/children-s-high-chairs/
Baby Changing Tables,"Children's furniture, Kid's Room",Baby Changing Tables | Jago24.de,"kid's, room, children's, furniture, baby, changing, tables",Children's furniture - Baby Changing Tables.,http://www.jago24.de/en/kid-s-room/children-s-furniture/baby-changing-tables/
Children's Beds,"Children's furniture, Kid's Room",Child's bed online shop - Jago24,"kid's, room, children's, furniture, beds",Find your new child's bed at jago24 online shop: Baby cot✔ portacrib✔ loft bed✔ and many more. Best price and easy ordering!,http://www.jago24.de/en/kid-s-room/children-s-furniture/children-s-beds/
Transportation,"Transportation, Kid's Room",Transportation | Jago24.de,"kid's, room, transportation",Transportation - Transportation.,http://www.jago24.de/en/kid-s-room/transportation/transportation/
Car Seats,"Transportation, Kid's Room",Car seat for children - Jago24 online shop,"kid's, room, transportation, car, seats",Looking for a new car seat for your kids? ✰✰✰✰✰ Order your suitable car seat now online at jago24! Easy and on good terms!,http://www.jago24.de/en/kid-s-room/transportation/car-seats/
Bike Trailer,"Transportation, Kid's Room",Child Bicycle Trailer at jago24 online shop,"kid's, room, transportation, bike, trailer",Transport your child safely with our child transporter for bicycles. Try jago24 online shop and find the perfect child bicycle trailer @ best price!,http://www.jago24.de/en/kid-s-room/transportation/bike-trailer/
Prams and Pushchairs,"Transportation, Kid's Room",Buy Buggies & Prams online - Jago24,"kid's, room, transportation, prams, and, pushchairs",You need to buy a new buggy✔ pram✔ or baby stroller✔ ? Check out jago24 online shop and find the one that meets your needs best?,http://www.jago24.de/en/kid-s-room/transportation/prams-and-pushchairs/
Children's walkers,"Toys, Kid's Room",Children's walkers | Jago24.de,"kid's, room, toys, children's, walkers",Toys - Children's walkers.,http://www.jago24.de/en/kid-s-room/toys/children-s-walkers/
Chalkboard,"Toys, Kid's Room",Chalkboard | Jago24.de,"kid's, room, toys, chalkboard",Toys - Chalkboard.,http://www.jago24.de/en/kid-s-room/toys/chalkboard/
Play Tents,"Toys, Kid's Room",Play Tents | Jago24.de,"kid's, room, toys, play, tents",Toys - Play Tents.,http://www.jago24.de/en/kid-s-room/toys/play-tents/
Scooter,"Toys, Kid's Room",Scooter online shop - Jago24,"kid's, room, toys, scooter",Looking for a kick scooter for your kid? Find the perfect scooter at jago24 online shop ✰✰✰✰✰ Best price and easy ordering!,http://www.jago24.de/en/kid-s-room/toys/scooter/
Footmuffs,"Transportation, Kid's Room",Footmuffs | Jago24.de,"kid's, room, transportation, footmuffs",Transportation - Footmuffs.,http://www.jago24.de/en/kid-s-room/transportation/footmuffs/
Toy Kitchen and toy booth with accessoires,"Toys, Kid's Room",Kid's kitchen - Buy Play Kitchens online at Jago24 ,"kid's, room, toys, toy, kitchen, and, booth, with, accessoires",Looking for a wooden play kitchen? ➔ Let your kid cook like a grown-up and buy a low-priced play kitchen at jago24 online shop ? Your kid will love it!,http://www.jago24.de/en/kid-s-room/toys/toy-kitchen-and-toy-booth-with-accessoires/
Rocking Horse,"Toys, Kid's Room",Rocking Horse  Shop - Buy a rocking horse on good terms!,"kid's, room, toys, rocking, horse",Looking for a wooden rocking horse for your kid? Find the perfect rocking horse at jago24 online shop ✰✰✰✰✰ Best price and easy ordering!,http://www.jago24.de/en/kid-s-room/toys/rocking-horse/
Cages and animal habitats,"Small animal supplies, Pet Supplies",Small animal cages online shop - Jago24,"pet, supplies, small, animal, cages, and, habitats",Looking for a rabbit hutch✔ guinea pig cage✔ or a hamster cage✔ ? Buy small animal cages easy✔ fast✔ and on good terms✔ at jago24 online shop!,http://www.jago24.de/en/pet-supplies/small-animal-supplies/cages-and-animal-habitats/
Free Range Enclosures ,"Small animal supplies, Pet Supplies",Free range enclosure online shop - at Jago24,"pet, supplies, small, animal, free, range, enclosures",Order free pet enclosures online at jago24! Find the perfect rabbit hutch✔ or rodent cage✔ at jago24 online shop. Best price✔ and easy ordering✔,http://www.jago24.de/en/pet-supplies/small-animal-supplies/free-range-enclosures/
Kids Swings,"Toys, Kid's Room",Child's Swing online shop - Jago24,"kid's, room, toys, kids, swings",Looking for a wooden garden swing for your kid? Find the perfect seesaw at jago24 online shop ✰✰✰✰✰ Best price and easy ordering!,http://www.jago24.de/en/kid-s-room/toys/kids-swings/
Bird Aviary,"Small animal supplies, Pet Supplies",Aviary & Bird Cage online shop - Jago24,"pet, supplies, small, animal, bird, aviary",Looking for an aviary✔ or a bird cage✔ ? Buy bird cages easy✔ fast✔ and on good terms✔ at jago24 online shop!,http://www.jago24.de/en/pet-supplies/small-animal-supplies/bird-aviary/
Dog Accessories,"Dog Supplies, Pet Supplies",Dog Accessories | Jago24.de,"pet, supplies, dog, accessories",Dog Supplies - Dog Accessories.,http://www.jago24.de/en/pet-supplies/dog-supplies/dog-accessories/
Dog Bike Trailers,"Dog Supplies, Pet Supplies",Dog bike trailer online shop - Jago24,"pet, supplies, dog, bike, trailers",Dog bike trailers can be very practical when doing a long bike ride. ➔ Buy a dog bike trailer now at jago24 online shop and carry your dog around safely!,http://www.jago24.de/en/pet-supplies/dog-supplies/dog-bike-trailers/
Cat Baskets,"Cat Supplies, Pet Supplies",Cat Baskets | Jago24.de,"pet, supplies, cat, baskets",Cat Supplies - Cat Baskets.,http://www.jago24.de/en/pet-supplies/cat-supplies/cat-baskets/
Small cat scratching posts,"Cat Supplies, Pet Supplies",Small cat scratching posts | Jago24.de,"pet, supplies, cat, small, scratching, posts",Cat Supplies - Small cat scratching posts.,http://www.jago24.de/en/pet-supplies/cat-supplies/small-cat-scratching-posts/
Dog Crates,"Dog Supplies, Pet Supplies",Transportation of dogs- transport your dog safely!,"pet, supplies, dog, crates",Find the perfect transport box or transport crate for your dog. Carry your best friend around safely. Order a dog transport cage now at jago24 online shop!,http://www.jago24.de/en/pet-supplies/dog-supplies/dog-crates/
Dog Beds and Baskets,"Dog Supplies, Pet Supplies",Dog bed online shop - Jago24,"pet, supplies, dog, beds, and, baskets",Order dog beds and dog baskets online at jago24! ➔ Find the perfect dog bed✔ or dog basket✔ at jago24 online dog shop! Your dog will love it!,http://www.jago24.de/en/pet-supplies/dog-supplies/dog-beds-and-baskets/
Full Length Scratching Posts,"Cat Supplies, Pet Supplies",Cat tree ceiling height online shop - Jago24,"pet, supplies, cat, full, length, scratching, posts",Order cat trees online at jago24! ➔ Buy a cat tree ceiling high at jago24 online cat shop! Your cat will love it! Take your chance and order now!,http://www.jago24.de/en/pet-supplies/cat-supplies/full-length-scratching-posts/
Medium-sized cat trees,"Cat Supplies, Pet Supplies",Cat tree medium-sized online shop - Jago24,"pet, supplies, cat, medium-sized, trees",Order cat trees online at jago24! ➔ Buy a medium-sized cat tree at jago24 online cat shop! Your cat will love it! Take your chance and order now!,http://www.jago24.de/en/pet-supplies/cat-supplies/medium-sized-cat-trees/
